"","Player","Team","Position","GP","TOI","Goals","Total Assists","First Assists","Second Assists","Total Points","IPP","Shots","SH%","ixG","iCF","iFF","iSCF","iHDCF","Rush Attempts","Rebounds Created","PIM","Total Penalties","Minor","Major","Misconduct","Penalties Drawn","Giveaways","Takeaways","Hits","Hits Taken","Shots Blocked","Faceoffs Won","Faceoffs Lost","Faceoffs %"
"1","Ron Hainsey","OTT","D","1","2.9166666666667","0","0","0","0","0","-","0","-","0","0","0","0","0","0","0","0","0","0","0","0","0","1","0","0","0","0","0","0","-"
"2","Deryk Engelland","VGK","D","1","5.6166666666667","0","0","0","0","0","-","0","-","0","0","0","0","0","0","0","2","1","1","0","0","0","0","0","0","1","0","0","0","-"
"3","Mikko Koivu","MIN","C","1","2.0666666666667","0","0","0","0","0","-","0","-","0","0","0","0","0","0","0","0","0","0","0","0","0","0","0","0","0","0","0","3","0.00"
"4","Dan Hamhuis","NSH","D","1","3.25","0","0","0","0","0","-","0","-","0","0","0","0","0","0","0","0","0","0","0","0","0","1","0","0","0","0","0","0","-"
"5","Jay Bouwmeester","STL","D","1","2.1","0","0","0","0","0","-","0","-","0","0","0","0","0","0","0","0","0","0","0","0","0","0","0","0","0","1","0","0","-"
"6","Johnny Boychuk","NYI","D","1","2.8833333333333","0","0","0","0","0","-","0","-","0","0","0","0","0","0","0","0","0","0","0","0","0","0","0","0","0","2","0","0","-"
"7","Duncan Keith","CHI","D","1","2.55","0","0","0","0","0","-","0","-","0.04","1","1","0","0","0","0","0","0","0","0","0","0","0","0","0","0","0","0","0","-"
"8","Eric Staal","MIN","C","1","1.1666666666667","0","0","0","0","0","-","0","-","0","0","0","0","0","0","0","0","0","0","0","0","0","0","0","0","0","0","1","1","50.00"
"9","Ryan Suter","MIN","D","1","4.3333333333333","0","0","0","0","0","-","0","-","0","0","0","0","0","0","0","0","0","0","0","0","0","0","0","0","0","0","0","0","-"
"10","Jeff Carter","L.A","C","1","1.7333333333333","0","0","0","0","0","-","0","-","0","0","0","0","0","0","0","0","0","0","0","0","0","0","0","0","0","0","1","1","50.00"
"11","Dustin Brown","L.A","L","1","3.4666666666667","0","0","0","0","0","-","0","-","0","0","0","0","0","0","0","0","0","0","0","0","0","0","0","0","0","0","0","0","-"
"12","Brent Seabrook","CHI","D","1","3.0666666666667","0","0","0","0","0","-","0","-","0","0","0","0","0","0","0","0","0","0","0","0","0","0","0","0","2","0","0","0","-"
"13","Zach Parise","MIN","L","1","2.8666666666667","0","0","0","0","0","-","0","-","0","0","0","0","0","0","0","0","0","0","0","0","0","0","0","0","0","0","0","0","-"
"14","Brent Burns","S.J","D","1","2.5833333333333","0","0","0","0","0","-","0","-","0","0","0","0","0","0","0","0","0","0","0","0","0","0","0","0","0","1","0","0","-"
"15","Brian Boyle","FLA","C","1","2.6333333333333","0","0","0","0","0","-","0","-","0","0","0","0","0","0","0","0","0","0","0","0","0","0","0","0","0","0","0","4","0.00"
"16","Shea Weber","MTL","D","1","3.15","0","0","0","0","0","-","0","-","0","1","1","0","0","0","0","0","0","0","0","0","0","0","0","0","0","1","0","0","-"
"17","Brad Richardson","ARI","R","1","1.0833333333333","0","0","0","0","0","-","0","-","0","0","0","0","0","0","0","0","0","0","0","0","0","0","0","0","0","0","1","0","100.00"
"18","Nate Thompson","MTL","C","1","2.8333333333333","0","0","0","0","0","-","0","-","0","0","0","0","0","0","0","0","0","0","0","0","0","1","1","0","0","0","2","1","66.67"
"19","Mark Giordano","CGY","D","1","3.0833333333333","0","0","0","0","0","-","0","-","0","0","0","0","0","0","0","0","0","0","0","0","0","0","1","0","0","0","0","0","-"
"20","Alex Goligoski","ARI","D","1","1.0833333333333","0","0","0","0","0","-","0","-","0","0","0","0","0","0","0","0","0","0","0","0","0","0","0","0","0","0","0","0","-"
"21","Paul Stastny","VGK","C","1","1.7833333333333","0","0","0","0","0","-","0","-","0","0","0","0","0","0","0","0","0","0","0","0","0","0","0","0","0","0","1","1","50.00"
"22","Jack Johnson","PIT","D","1","0.9","0","0","0","0","0","-","0","-","0","0","0","0","0","0","0","0","0","0","0","0","0","0","0","0","0","0","0","0","-"
"23","Anze Kopitar","L.A","C","1","2.9166666666667","0","0","0","0","0","-","0","-","0.03","1","1","0","0","0","0","0","0","0","0","0","0","1","0","0","0","0","2","0","100.00"
"24","T.J. Oshie","WSH","R","1","0.18333333333333","0","0","0","0","0","-","0","-","0","0","0","0","0","0","0","0","0","0","0","0","0","0","0","0","0","0","1","0","100.00"
"25","Matt Niskanen","PHI","D","1","1.3","0","0","0","0","0","-","0","-","0","0","0","0","0","0","0","0","0","0","0","0","0","0","0","0","0","0","0","0","-"
"26","Marc-Edouard Vlasic","S.J","D","1","4.2166666666667","0","0","0","0","0","-","0","-","0","0","0","0","0","0","0","0","0","0","0","0","0","0","0","1","0","0","0","0","-"
"27","Keith Yandle","FLA","D","1","0.13333333333333","0","0","0","0","0","-","0","-","0","0","0","0","0","0","0","0","0","0","0","0","0","0","0","0","0","0","0","0","-"
"28","Anton Stralman","FLA","D","1","4.4333333333333","0","0","0","0","0","-","0","-","0","0","0","0","0","0","0","0","0","0","0","0","0","1","0","0","0","2","0","0","-"
"29","Nick Foligno","CBJ","L","1","0.3","0","0","0","0","0","-","0","-","0","0","0","0","0","0","0","10","1","0","0","1","0","0","0","0","0","0","0","0","-"
"30","Erik Johnson","COL","D","1","5.8","0","0","0","0","0","-","0","-","0","0","0","0","0","0","0","0","0","0","0","0","0","0","0","0","0","0","0","0","-"
"31","Cal Clutterbuck","NYI","R","1","4.4666666666667","0","0","0","0","0","-","1","0.00","0.16","1","1","1","1","0","0","0","0","0","0","0","0","0","0","1","0","0","0","0","-"
"32","Jeff Petry","MTL","D","1","2.4166666666667","0","0","0","0","0","-","0","-","0","0","0","0","0","0","0","0","0","0","0","0","0","0","0","0","0","0","0","0","-"
"33","Claude Giroux","PHI","R","1","0.76666666666667","0","0","0","0","0","-","0","-","0","0","0","0","0","0","0","0","0","0","0","0","0","0","0","0","0","0","1","1","50.00"
"34","Jordan Staal","CAR","C","1","1.15","0","0","0","0","0","-","0","-","0","0","0","0","0","0","0","0","0","0","0","0","0","0","0","0","0","1","1","2","33.33"
"35","Derick Brassard","NYI","C","1","0.46666666666667","0","0","0","0","0","-","0","-","0","0","0","0","0","0","0","0","0","0","0","0","0","0","0","0","0","0","0","0","-"
"36","Michael Grabner","ARI","R","1","1.0833333333333","0","0","0","0","0","-","0","-","0","0","0","0","0","0","0","0","0","0","0","0","0","0","0","0","0","0","0","0","-"
"37","Nicklas Backstrom","WSH","C","1","0.18333333333333","0","0","0","0","0","-","0","-","0","0","0","0","0","0","0","0","0","0","0","0","0","0","0","0","0","0","0","0","-"
"38","Jonathan Toews","CHI","C","1","3","0","0","0","0","0","-","0","-","0","0","0","0","0","0","0","0","0","0","0","0","0","0","0","0","0","0","1","1","50.00"
"39","Alex Killorn","T.B","C","1","2.2333333333333","0","0","0","0","0","-","0","-","0","0","0","0","0","0","0","0","0","0","0","0","0","0","0","0","0","0","0","0","-"
"40","Nick Bonino","NSH","C","1","3.05","0","0","0","0","0","-","0","-","0","0","0","0","0","0","0","0","0","0","0","0","0","0","0","1","0","0","0","0","-"
"41","Ian Cole","COL","D","1","2.65","0","0","0","0","0","-","0","-","0","0","0","0","0","0","0","0","0","0","0","0","0","0","0","0","0","0","0","0","-"
"42","Justin Braun","PHI","D","1","2.4","0","0","0","0","0","-","0","-","0","0","0","0","0","0","0","0","0","0","0","0","0","0","0","0","0","0","0","0","-"
"43","Paul Byron","MTL","L","1","2.1166666666667","0","0","0","0","0","-","0","-","0","0","0","0","0","0","0","0","0","0","0","0","0","0","0","0","0","0","0","0","-"
"44","Logan Couture","S.J","C","1","1.8166666666667","0","0","0","0","0","-","1","0.00","0.02","1","1","0","0","0","0","0","0","0","0","0","0","0","0","0","0","0","0","0","-"
"45","Colton Sceviour","FLA","C","1","3.7833333333333","0","0","0","0","0","-","0","-","0","0","0","0","0","0","0","0","0","0","0","0","0","0","0","0","0","0","0","0","-"
"46","Carl Gunnarsson","STL","D","1","1.5","0","0","0","0","0","-","0","-","0","0","0","0","0","0","0","0","0","0","0","0","0","0","1","0","0","0","0","0","-"
"47","Yannick Weber","NSH","D","1","0.016666666666667","0","0","0","0","0","-","0","-","0","0","0","0","0","0","0","0","0","0","0","0","0","0","0","0","0","0","0","0","-"
"48","Mikael Backlund","CGY","C","1","1.05","0","0","0","0","0","-","0","-","0","0","0","0","0","0","0","0","0","0","0","0","0","0","0","0","0","0","1","0","100.00"
"49","Ryan McDonagh","T.B","D","1","2.5666666666667","0","0","0","0","0","-","0","-","0","0","0","0","0","0","0","0","0","0","0","0","0","0","0","0","0","2","0","0","-"
"50","Max Pacioretty","VGK","L","1","0.05","0","0","0","0","0","-","0","-","0","0","0","0","0","0","0","0","0","0","0","0","0","0","0","0","0","0","0","0","-"
"51","Jake Muzzin","TOR","D","1","2.7666666666667","0","0","0","0","0","-","1","0.00","0.07","1","1","1","0","0","1","0","0","0","0","0","0","0","0","0","0","0","0","0","-"
"52","Alec Martinez","L.A","D","1","3.15","0","0","0","0","0","-","0","-","0","0","0","0","0","0","0","0","0","0","0","0","0","1","0","0","0","0","0","0","-"
"53","Lars Eller","WSH","C","1","2.9833333333333","0","0","0","0","0","-","0","-","0","0","0","0","0","0","0","0","0","0","0","0","0","0","0","0","0","1","2","3","40.00"
"54","Nick Holden","VGK","D","1","3.2833333333333","0","0","0","0","0","-","0","-","0","0","0","0","0","0","0","0","0","0","0","0","0","1","0","0","0","1","0","0","-"
"55","Zack Smith","CHI","C","1","1.3833333333333","0","0","0","0","0","-","0","-","0","0","0","0","0","0","0","0","0","0","0","0","0","0","0","0","0","0","0","0","-"
"56","Drew Doughty","L.A","D","1","3.45","0","0","0","0","0","-","0","-","0","0","0","0","0","0","0","0","0","0","0","0","0","0","0","0","0","2","0","0","-"
"57","Steven Stamkos","T.B","C","1","0.95","0","0","0","0","0","-","0","-","0","0","0","0","0","0","0","0","0","0","0","0","0","0","0","0","0","0","2","0","100.00"
"58","Alex Pietrangelo","STL","D","1","1.5666666666667","0","0","0","0","0","-","0","-","0","0","0","0","0","0","0","0","0","0","0","0","0","0","0","0","0","0","0","0","-"
"59","Josh Bailey","NYI","C","1","3.0833333333333","0","0","0","0","0","-","0","-","0","0","0","0","0","0","0","0","0","0","0","0","0","0","1","0","0","0","0","0","-"
"60","Erik Karlsson","S.J","D","1","4.9333333333333","0","0","0","0","0","-","0","-","0","0","0","0","0","0","0","0","0","0","0","0","0","0","0","0","0","1","0","0","-"
"61","John Carlson","WSH","D","1","3.3166666666667","0","0","0","0","0","-","0","-","0","0","0","0","0","0","0","0","0","0","0","0","0","0","0","0","0","0","0","0","-"
"62","Roman Josi","NSH","D","1","3.5","0","0","0","0","0","-","0","-","0","0","0","0","0","0","0","0","0","0","0","0","0","0","0","0","0","0","0","0","-"
"63","Travis Hamonic","CGY","D","1","3.3666666666667","0","0","0","0","0","-","1","0.00","0","1","1","0","0","0","0","0","0","0","0","0","0","1","0","0","0","0","0","0","-"
"64","TJ Brodie","CGY","D","1","0.88333333333333","0","0","0","0","0","-","1","0.00","0","1","1","0","0","0","0","0","0","0","0","0","0","0","0","0","0","0","0","0","-"
"65","Gustav Nyquist","CBJ","C","1","0.3","0","0","0","0","0","-","0","-","0","0","0","0","0","0","0","0","0","0","0","0","0","0","0","0","0","0","0","0","-"
"66","Matt Calvert","COL","L","1","1.45","0","0","0","0","0","-","0","-","0","0","0","0","0","0","0","0","0","0","0","0","0","0","0","0","0","0","0","0","-"
"67","Mark Borowiecki","OTT","D","1","2.7833333333333","0","0","0","0","0","-","0","-","0","0","0","0","0","0","0","0","0","0","0","0","0","0","0","1","0","1","0","0","-"
"68","Cam Atkinson","CBJ","R","1","3.15","0","0","0","0","0","-","0","-","0","1","0","0","0","0","0","0","0","0","0","0","0","0","0","0","0","0","0","0","-"
"69","Jared Spurgeon","MIN","D","1","4.5833333333333","0","0","0","0","0","-","0","-","0","0","0","0","0","0","0","0","0","0","0","0","0","0","0","0","0","0","0","0","-"
"70","Mark Barberio","COL","D","1","0.53333333333333","0","0","0","0","0","-","0","-","0","0","0","0","0","0","0","0","0","0","0","0","0","0","0","0","0","0","0","0","-"
"71","Tyler Bozak","STL","C","1","1.4166666666667","0","0","0","0","0","-","0","-","0","0","0","0","0","0","0","0","0","0","0","0","0","0","0","0","0","0","1","1","50.00"
"72","Marcus Johansson","BUF","L","1","1.75","0","0","0","0","0","-","0","-","0","0","0","0","0","0","0","0","0","0","0","0","0","0","0","0","0","0","0","2","0.00"
"73","Ryan O'Reilly","STL","C","1","1.7666666666667","0","0","0","0","0","-","1","0.00","0.08","1","1","1","0","0","0","0","0","0","0","0","0","0","0","0","0","0","1","0","100.00"
"74","Victor Hedman","T.B","D","1","1.6833333333333","0","0","0","0","0","-","0","-","0","0","0","0","0","0","0","0","0","0","0","0","0","0","0","0","0","0","0","0","-"
"75","Evander Kane","S.J","L","1","1.4666666666667","0","0","0","0","0","-","0","-","0","0","0","0","0","0","0","0","0","0","0","0","0","0","1","0","0","0","0","0","-"
"76","Brayden Schenn","STL","C","1","0.066666666666667","0","0","0","0","0","-","0","-","0","0","0","0","0","0","0","0","0","0","0","0","0","0","0","0","0","0","0","1","0.00"
"77","Ryan Ellis","NSH","D","1","4.2166666666667","0","0","0","0","0","-","0","-","0","0","0","0","0","0","0","0","0","0","0","0","0","0","0","0","0","0","0","0","-"
"78","Calvin de Haan","CHI","D","1","3.3666666666667","0","0","0","0","0","-","0","-","0","0","0","0","0","0","0","0","0","0","0","0","0","0","0","0","0","0","0","0","-"
"79","Nick Leddy","NYI","D","1","0.75","0","0","0","0","0","-","0","-","0","0","0","0","0","0","0","0","0","0","0","0","0","0","0","0","0","0","0","0","-"
"80","Brayden McNabb","VGK","D","1","7.7666666666667","0","0","0","0","0","-","0","-","0","0","0","0","0","0","0","0","0","0","0","0","0","0","0","1","0","1","0","0","-"
"81","Reilly Smith","VGK","R","1","3.65","0","0","0","0","0","-","0","-","0","0","0","0","0","0","0","0","0","0","0","0","0","0","0","0","0","0","0","1","0.00"
"82","Dmitry Orlov","WSH","D","1","0.28333333333333","0","0","0","0","0","-","0","-","0","0","0","0","0","0","0","0","0","0","0","0","0","0","0","0","0","0","0","0","-"
"83","Brian Dumoulin","PIT","D","1","2.3166666666667","0","0","0","0","0","-","0","-","0","0","0","0","0","0","0","0","0","0","0","0","0","0","0","0","0","0","0","0","-"
"84","Mattias Ekholm","NSH","D","1","5.0166666666667","0","0","0","0","0","-","1","0.00","0","1","1","0","0","0","0","0","0","0","0","0","0","0","0","0","0","0","0","0","-"
"85","Craig Smith","NSH","C","1","0.61666666666667","0","0","0","0","0","-","0","-","0","0","0","0","0","0","0","0","0","0","0","0","0","0","0","0","0","0","0","0","-"
"86","Casey Cizikas","NYI","C","1","0.53333333333333","0","0","0","0","0","-","0","-","0","0","0","0","0","0","0","0","0","0","0","0","0","0","0","0","0","0","0","1","0.00"
"87","David Savard","CBJ","D","1","3","0","0","0","0","0","-","1","0.00","0.04","1","1","1","0","0","0","0","0","0","0","0","0","0","0","0","0","0","0","0","-"
"88","Cody Eakin","VGK","C","1","2.4","0","0","0","0","0","-","0","-","0","0","0","0","0","0","0","0","0","0","0","0","1","0","0","0","0","0","2","0","100.00"
"89","Ben Chiarot","MTL","D","1","3.35","0","0","0","0","0","-","1","0.00","0.02","1","1","0","0","0","0","0","0","0","0","0","0","1","0","0","0","0","0","0","-"
"90","Nick Jensen","WSH","D","1","2.4","0","0","0","0","0","-","0","-","0","0","0","0","0","0","0","0","0","0","0","0","0","0","0","0","0","0","0","0","-"
"91","Nic Dowd","WSH","C","1","2.7833333333333","0","0","0","0","0","-","0","-","0","0","0","0","0","0","0","0","0","0","0","0","0","0","0","0","0","0","0","2","0.00"
"92","Radko Gudas","WSH","D","1","1.7333333333333","0","0","0","0","0","-","0","-","0","0","0","0","0","0","0","0","0","0","0","0","0","0","0","0","0","0","0","0","-"
"93","Mats Zuccarello","MIN","C","1","1.1166666666667","0","0","0","0","0","-","0","-","0","0","0","0","0","0","0","0","0","0","0","0","0","0","0","0","0","0","0","0","-"
"94","Calle Jarnkrok","NSH","C","1","1.8333333333333","0","0","0","0","0","-","0","-","0","0","0","0","0","0","0","0","0","0","0","0","0","0","0","0","0","0","0","0","-"
"95","Justin Holl","TOR","D","1","1.9","0","0","0","0","0","-","0","-","0","0","0","0","0","0","0","0","0","0","0","0","0","0","0","0","0","1","0","0","-"
"96","Jason Zucker","MIN","L","1","1.2833333333333","0","0","0","0","0","-","0","-","0","0","0","0","0","0","0","0","0","0","0","0","0","0","0","0","0","0","0","0","-"
"97","Tyler Toffoli","L.A","C","1","2.0333333333333","0","0","0","0","0","-","1","0.00","0.03","1","1","0","0","0","0","0","0","0","0","0","0","0","0","0","0","0","0","0","-"
"98","Johan Larsson","BUF","L","1","1.85","0","0","0","0","0","-","0","-","0","0","0","0","0","0","0","0","0","0","0","0","0","0","1","0","0","0","1","3","25.00"
"99","Jon Merrill","VGK","D","1","2.5","0","0","0","0","0","-","0","-","0","0","0","0","0","0","0","0","0","0","0","0","0","0","0","0","0","0","0","0","-"
"100","Tyler Pitlick","PHI","C","1","0.95","0","0","0","0","0","-","0","-","0.07","1","1","1","0","0","0","0","0","0","0","0","0","0","0","0","0","0","0","0","-"
"101","Justin Faulk","STL","D","1","0.16666666666667","0","0","0","0","0","-","0","-","0","0","0","0","0","0","0","0","0","0","0","0","0","0","0","0","0","0","0","0","-"
"102","Brock Nelson","NYI","C","1","4.8166666666667","0","0","0","0","0","-","0","-","0","0","0","0","0","0","0","0","0","0","0","0","0","0","0","0","0","1","6","2","75.00"
"103","Nick Bjugstad","PIT","C","1","0.58333333333333","0","0","0","0","0","-","0","-","0","0","0","0","0","0","0","0","0","0","0","0","0","0","0","0","0","0","0","0","-"
"104","Kevin Hayes","PHI","R","1","2.5666666666667","0","0","0","0","0","-","0","-","0","0","0","0","0","0","0","0","0","0","0","0","0","0","0","0","0","0","1","2","33.33"
"105","Austin Watson","NSH","L","1","2.1","0","0","0","0","0","-","0","-","0","0","0","0","0","0","0","0","0","0","0","0","0","0","0","0","0","0","0","0","-"
"106","Jaden Schwartz","STL","C","1","0.066666666666667","0","0","0","0","0","-","0","-","0","0","0","0","0","0","0","0","0","0","0","0","0","0","0","0","0","0","0","0","-"
"107","Ryan Johansen","NSH","C","1","3.0333333333333","0","0","0","0","0","-","0","-","0","0","0","0","0","0","0","0","0","0","0","0","0","0","1","0","0","0","2","0","100.00"
"108","Mark Pysyk","FLA","D","1","0.63333333333333","0","0","0","0","0","-","0","-","0","0","0","0","0","0","0","0","0","0","0","0","0","0","0","0","0","0","0","0","-"
"109","Mikael Granlund","NSH","C","1","0.25","0","0","0","0","0","-","0","-","0","0","0","0","0","0","0","0","0","0","0","0","0","0","0","0","0","0","0","0","-"
"110","Joonas Donskoi","COL","R","1","0.13333333333333","0","0","0","0","0","-","0","-","0","0","0","0","0","0","0","0","0","0","0","0","0","0","0","0","0","0","0","0","-"
"111","Marcus Sorensen","S.J","L","1","1.7166666666667","0","0","0","0","0","-","0","-","0","0","0","0","0","0","0","0","0","0","0","0","0","0","0","0","0","0","0","0","-"
"112","Tim Heed","S.J","D","1","0.016666666666667","0","0","0","0","0","-","0","-","0","0","0","0","0","0","0","0","0","0","0","0","0","0","0","0","0","0","0","0","-"
"113","Brendan Gallagher","MTL","R","1","0.11666666666667","0","0","0","0","0","-","0","-","0","0","0","0","0","0","0","0","0","0","0","0","0","0","0","0","0","0","0","0","-"
"114","Mark Stone","VGK","R","1","3.3333333333333","0","0","0","0","0","-","0","-","0","0","0","0","0","0","0","0","0","0","0","0","0","0","0","0","0","0","0","1","0.00"
"115","Brian Gibbons","CAR","C","1","2.3666666666667","0","0","0","0","0","-","0","-","0","0","0","0","0","0","0","0","0","0","0","0","0","0","0","0","0","0","0","0","-"
"116","Ondrej Palat","T.B","L","1","0.86666666666667","0","0","0","0","0","-","0","-","0","0","0","0","0","0","0","0","0","0","0","0","0","0","0","1","0","1","0","0","-"
"117","Dylan DeMelo","OTT","D","1","2.3166666666667","0","0","0","0","0","-","0","-","0","0","0","0","0","0","0","0","0","0","0","0","0","0","0","0","0","0","0","0","-"
"118","Johnny Gaudreau","CGY","L","1","0.11666666666667","0","0","0","0","0","-","0","-","0","0","0","0","0","0","0","0","0","0","0","0","0","0","0","0","0","0","0","0","-"
"119","Tobias Rieder","CGY","C","1","1.8666666666667","0","0","0","0","0","-","0","-","0","0","0","0","0","0","0","0","0","0","0","0","0","0","0","0","0","0","0","0","-"
"120","Nick Shore","TOR","C","1","0.73333333333333","0","0","0","0","0","-","0","-","0","0","0","0","0","0","0","0","0","0","0","0","0","0","0","0","0","0","1","1","50.00"
"121","Jean-Gabriel Pageau","OTT","C","1","3.55","0","0","0","0","0","-","0","-","0","1","0","0","0","0","0","0","0","0","0","0","0","0","1","0","1","0","1","3","25.00"
"122","Scott Mayfield","NYI","D","1","3.8","0","0","0","0","0","-","0","-","0","0","0","0","0","0","0","0","0","0","0","0","0","1","0","0","0","1","0","0","-"
"123","Boone Jenner","CBJ","C","1","2.9333333333333","0","0","0","0","0","-","1","0.00","0.02","1","1","0","0","0","0","0","0","0","0","0","0","0","0","0","0","0","0","2","0.00"
"124","Victor Rask","MIN","C","1","1.5","0","0","0","0","0","-","0","-","0","0","0","0","0","0","0","0","0","0","0","0","0","0","0","0","0","0","0","0","-"
"125","Brandon Saad","CHI","L","1","2.6666666666667","0","0","0","0","0","-","0","-","0","0","0","0","0","0","0","0","0","0","0","0","0","0","0","0","0","0","0","0","-"
"126","Joel Edmundson","CAR","D","1","1.9666666666667","0","0","0","0","0","-","0","-","0","0","0","0","0","0","0","0","0","0","0","0","0","0","0","1","0","1","0","0","-"
"127","Matt Nieto","COL","L","1","4.9833333333333","0","0","0","0","0","-","1","0.00","0.19","1","1","1","1","0","0","0","0","0","0","0","0","0","0","1","0","0","0","0","-"
"128","William Karlsson","VGK","C","1","4.8","0","0","0","0","0","-","0","-","0","0","0","0","0","0","0","0","0","0","0","0","0","0","1","0","0","0","2","3","40.00"
"129","Sean Couturier","PHI","C","1","1","0","0","0","0","0","-","0","-","0","0","0","0","0","0","0","0","0","0","0","0","0","0","0","0","0","0","0","0","-"
"130","Dougie Hamilton","CAR","D","1","3.8","0","0","0","0","0","-","0","-","0","0","0","0","0","0","0","0","0","0","0","0","0","0","0","0","0","0","0","0","-"
"131","Jonas Brodin","MIN","D","1","2.1","0","0","0","0","0","-","0","-","0","0","0","0","0","0","0","0","0","0","0","0","0","0","0","0","0","0","0","0","-"
"132","Phillip Danault","MTL","C","1","2.7166666666667","0","0","0","0","0","-","0","-","0","0","0","0","0","0","0","0","0","0","0","0","0","0","0","0","0","0","1","1","50.00"
"133","Vladislav Namestnikov","OTT","C","1","2.45","0","0","0","0","0","-","0","-","0","1","0","1","0","0","0","0","0","0","0","0","1","0","0","0","0","0","0","1","0.00"
"134","Colin Miller","BUF","D","1","1.0833333333333","0","0","0","0","0","-","0","-","0","0","0","0","0","0","0","0","0","0","0","0","0","0","0","0","0","0","0","0","-"
"135","Barclay Goodrow","S.J","C","1","2.8166666666667","0","0","0","0","0","-","0","-","0","0","0","0","0","0","0","0","0","0","0","0","0","0","0","0","0","0","2","3","40.00"
"136","Morgan Rielly","TOR","D","1","2.65","0","0","0","0","0","-","0","-","0","0","0","0","0","0","0","0","0","0","0","0","0","0","0","0","0","0","0","0","-"
"137","Matt Dumba","MIN","D","1","2.1","0","0","0","0","0","-","0","-","0","0","0","0","0","0","0","0","0","0","0","0","0","0","0","0","0","1","0","0","-"
"138","Mark Jankowski","CGY","C","1","1.0166666666667","0","0","0","0","0","-","0","-","0","0","0","0","0","0","0","0","0","0","0","0","0","0","0","0","0","0","2","1","66.67"
"139","Olli Maatta","CHI","D","1","2.7833333333333","0","0","0","0","0","-","0","-","0","0","0","0","0","0","0","0","0","0","0","0","0","0","0","0","0","1","0","0","-"
"140","Mike Matheson","FLA","D","1","2","0","0","0","0","0","-","0","-","0","0","0","0","0","0","0","0","0","0","0","0","0","0","0","0","0","0","0","0","-"
"141","Zemgus Girgensons","BUF","C","1","1.7166666666667","0","0","0","0","0","-","0","-","0","0","0","0","0","0","0","0","0","0","0","0","0","0","0","0","0","0","0","1","0.00"
"142","Cody Ceci","TOR","D","1","3.5166666666667","0","0","0","0","0","-","0","-","0","0","0","0","0","0","0","0","0","0","0","0","0","0","0","0","0","0","0","0","-"
"143","Tom Wilson","WSH","R","1","5.8166666666667","0","0","0","0","0","-","1","0.00","0.01","1","1","0","0","0","0","0","0","0","0","0","0","0","0","0","0","0","0","1","0.00"
"144","Tomas Hertl","S.J","C","1","1.5166666666667","0","0","0","0","0","-","0","-","0","0","0","0","0","0","0","0","0","0","0","0","0","0","0","0","0","0","1","2","33.33"
"145","Teuvo Teravainen","CAR","L","1","1.3666666666667","0","0","0","0","0","-","0","-","0","0","0","0","0","0","0","0","0","0","0","0","0","0","0","0","0","0","0","0","-"
"146","Slater Koekkoek","CHI","D","1","0.23333333333333","0","0","0","0","0","-","0","-","0","0","0","0","0","0","0","0","0","0","0","0","0","0","0","0","0","0","0","0","-"
"147","Filip Forsberg","NSH","L","1","0.9","0","0","0","0","0","-","0","-","0","0","0","0","0","0","0","0","0","0","0","0","0","0","0","0","0","0","0","0","-"
"148","Colton Parayko","STL","D","1","2.1","0","0","0","0","0","-","0","-","0","0","0","0","0","0","0","0","0","0","0","0","0","0","0","0","0","0","0","0","-"
"149","Oskar Sundqvist","STL","C","1","2.0333333333333","0","0","0","0","0","-","0","-","0","0","0","0","0","0","0","0","0","0","0","0","0","0","0","0","0","0","0","1","0.00"
"150","Chandler Stephenson","WSH","C","1","1.5","0","0","0","0","0","-","0","-","0","0","0","0","0","0","0","0","0","0","0","0","0","0","0","0","0","1","1","2","33.33"
"151","Adam Pelech","NYI","D","1","3.8","0","0","0","0","0","-","0","-","0","0","0","0","0","0","0","0","0","0","0","0","0","0","0","0","0","0","0","0","-"
"152","Jimmy Vesey","BUF","L","1","0.7","0","0","0","0","0","-","0","-","0","0","0","0","0","0","0","0","0","0","0","0","0","0","0","0","0","0","0","0","-"
"153","Chris Tierney","OTT","C","1","0.86666666666667","0","0","0","0","0","-","0","-","0","0","0","0","0","0","0","0","0","0","0","0","0","0","0","0","0","0","0","1","0.00"
"154","Colton Sissons","NSH","C","1","3.6666666666667","0","0","0","0","0","-","0","-","0","0","0","0","0","0","0","0","0","0","0","0","0","1","0","0","0","0","2","2","50.00"
"155","Teddy Blueger","PIT","C","1","2.3166666666667","0","0","0","0","0","-","0","-","0","0","0","0","0","0","0","0","0","0","0","0","0","0","0","0","0","0","1","2","33.33"
"156","Jake McCabe","BUF","D","1","2.95","0","0","0","0","0","-","0","-","0","0","0","0","0","0","0","0","0","0","0","0","0","0","0","0","0","1","0","0","-"
"157","Brock McGinn","CAR","L","1","2.7333333333333","0","0","0","0","0","-","1","0.00","0.03","1","1","0","0","0","0","0","0","0","0","0","0","0","0","0","0","0","0","1","0.00"
"158","Jaccob Slavin","CAR","D","1","4.0333333333333","0","0","0","0","0","-","1","0.00","0.04","1","1","0","0","0","0","0","0","0","0","0","0","0","0","0","0","0","0","0","-"
"159","Cedric Paquette","T.B","C","1","0.45","0","0","0","0","0","-","0","-","0","0","0","0","0","0","0","10","1","0","0","1","0","0","0","0","0","0","1","0","100.00"
"160","Josh Anderson","CBJ","R","1","3.2333333333333","0","0","0","0","0","-","0","-","0","0","0","0","0","0","0","0","0","0","0","0","0","0","0","0","0","1","0","1","0.00"
"161","Connor Brown","OTT","R","1","2.3333333333333","0","0","0","0","0","-","0","-","0","0","0","0","0","0","0","0","0","0","0","0","0","0","1","0","0","0","0","0","-"
"162","Ben Hutton","L.A","D","1","1.7","0","0","0","0","0","-","0","-","0","0","0","0","0","0","0","0","0","0","0","0","0","0","0","0","0","0","0","0","-"
"163","Joakim Ryan","L.A","D","1","3.8","0","0","0","0","0","-","0","-","0","0","0","0","0","0","0","0","0","0","0","0","0","0","0","0","0","1","0","0","-"
"164","Nate Schmidt","VGK","D","1","1.3166666666667","0","0","0","0","0","-","0","-","0","0","0","0","0","0","0","0","0","0","0","0","0","0","0","0","1","0","0","0","-"
"165","Michael Raffl","PHI","L","1","1.7833333333333","0","0","0","0","0","-","0","-","0","0","0","0","0","0","0","0","0","0","0","0","0","0","0","0","0","0","0","0","-"
"166","MacKenzie Weegar","FLA","D","1","4","0","0","0","0","0","-","0","-","0","0","0","0","0","0","0","0","0","0","0","0","0","0","0","0","0","1","0","0","-"
"167","Carson Soucy","MIN","D","1","0.78333333333333","0","0","0","0","0","-","0","-","0","0","0","0","0","0","0","0","0","0","0","0","0","0","0","0","0","0","0","0","-"
"168","Anthony Duclair","OTT","L","1","1.8","0","0","0","0","0","-","0","-","0","0","0","0","0","0","0","0","0","0","0","0","0","0","0","0","0","0","0","0","-"
"169","Nick Paul","OTT","L","1","0.23333333333333","0","0","0","0","0","-","0","-","0","0","0","0","0","0","0","0","0","0","0","0","0","0","0","0","0","0","0","0","-"
"170","Ryan Graves","COL","D","1","4.75","0","0","0","0","0","-","0","-","0","0","0","0","0","0","0","0","0","0","0","0","0","1","0","0","0","2","0","0","-"
"171","Shea Theodore","VGK","D","1","0.016666666666667","0","0","0","0","0","-","0","-","0","0","0","0","0","0","0","0","0","0","0","0","0","0","0","0","0","0","0","0","-"
"172","Ryan Hartman","MIN","R","1","2.0333333333333","0","0","0","0","0","-","0","-","0","0","0","0","0","0","0","0","0","0","0","0","0","0","0","0","0","0","0","0","-"
"173","Jacob de la Rose","STL","L","1","1.1","0","0","0","0","0","-","0","-","0","0","0","0","0","0","0","0","0","0","0","0","1","0","0","0","0","0","0","0","-"
"174","J.T. Compher","COL","L","1","4.9833333333333","0","0","0","0","0","-","1","0.00","0.03","1","1","0","0","0","1","0","0","0","0","0","0","0","0","1","0","2","3","2","60.00"
"175","Artturi Lehkonen","MTL","L","1","3.1833333333333","0","0","0","0","0","-","1","0.00","0.04","1","1","1","0","0","0","0","0","0","0","0","0","1","0","1","0","0","0","0","-"
"176","Brett Pesce","CAR","D","1","2.2333333333333","0","0","0","0","0","-","0","-","0","0","0","0","0","0","0","0","0","0","0","0","0","0","0","0","0","0","0","0","-"
"177","Aleksander Barkov","FLA","C","1","2.0833333333333","0","0","0","0","0","-","0","-","0","0","0","0","0","0","0","0","0","0","0","0","0","0","0","1","0","0","0","0","-"
"178","Seth Jones","CBJ","D","1","3.45","0","0","0","0","0","-","0","-","0","0","0","0","0","0","0","0","0","0","0","0","0","0","0","0","0","0","0","0","-"
"179","Elias Lindholm","CGY","C","1","3.05","0","0","0","0","0","-","0","-","0","0","0","0","0","0","0","0","0","0","0","0","0","1","0","0","0","0","2","0","100.00"
"180","Sean Monahan","CGY","C","1","0.11666666666667","0","0","0","0","0","-","0","-","0","0","0","0","0","0","0","0","0","0","0","0","0","0","0","0","0","0","0","0","-"
"181","Rasmus Ristolainen","BUF","D","1","1.65","0","0","0","0","0","-","0","-","0","0","0","0","0","0","0","0","0","0","0","0","0","0","0","0","0","0","0","0","-"
"182","Valeri Nichushkin","COL","R","1","1.75","0","0","0","0","0","-","0","-","0","0","0","0","0","0","0","0","0","0","0","0","0","0","1","0","0","0","0","0","-"
"183","Alexander Wennberg","CBJ","C","1","2.9833333333333","0","0","0","0","0","-","0","-","0","0","0","0","0","0","0","0","0","0","0","0","0","0","0","0","0","0","1","2","33.33"
"184","Ryan Pulock","NYI","D","1","3.6833333333333","0","0","0","0","0","-","0","-","0","0","0","0","0","0","0","0","0","0","0","0","0","0","0","0","0","1","0","0","-"
"185","Frederik Gauthier","TOR","C","1","1.6333333333333","0","0","0","0","0","-","0","-","0","0","0","0","0","0","0","0","0","0","0","0","0","0","0","0","0","0","3","1","75.00"
"186","Trevor van Riemsdyk","CAR","D","1","0.9","0","0","0","0","0","-","0","-","0","0","0","0","0","0","0","0","0","0","0","0","0","0","0","0","0","0","0","0","-"
"187","Ryan Carpenter","CHI","C","1","2.5666666666667","0","0","0","0","0","-","0","-","0","0","0","0","0","0","0","0","0","0","0","0","0","0","0","0","1","0","1","1","50.00"
"188","Garnet Hathaway","WSH","R","1","1.45","0","0","0","0","0","-","0","-","0","0","0","0","0","0","0","0","0","0","0","0","0","0","0","0","0","0","0","1","0.00"
"189","Melker Karlsson","S.J","C","1","1.5833333333333","0","0","0","0","0","-","0","-","0","0","0","0","0","0","0","0","0","0","0","0","0","1","0","0","0","0","0","0","-"
"190","Pierre-Edouard Bellemare","COL","L","1","0.43333333333333","0","0","0","0","0","-","0","-","0","0","0","0","0","0","0","0","0","0","0","0","0","0","0","0","0","0","0","0","-"
"191","Tomas Nosek","VGK","L","1","1.8666666666667","0","0","0","0","0","-","0","-","0","0","0","0","0","0","0","0","0","0","0","0","0","0","0","0","0","0","0","0","-"
"192","Aaron Ekblad","FLA","D","1","1.6833333333333","0","0","0","0","0","-","0","-","0","0","0","0","0","0","0","0","0","0","0","0","0","0","0","0","0","0","0","0","-"
"193","Kevin Fiala","MIN","L","1","0.73333333333333","0","0","0","0","0","-","0","-","0","0","0","0","0","0","0","0","0","0","0","0","0","0","0","0","0","0","0","0","-"
"194","Travis Sanheim","PHI","D","1","2.8333333333333","0","0","0","0","0","-","0","-","0","0","0","0","0","0","0","0","0","0","0","0","0","0","0","0","0","1","0","0","-"
"195","Kasperi Kapanen","TOR","R","1","2.2833333333333","0","0","0","0","0","-","0","-","0","0","0","0","0","0","0","0","0","0","0","0","0","0","0","0","0","0","0","0","-"
"196","Jared McCann","PIT","C","1","0.58333333333333","0","0","0","0","0","-","0","-","0","0","0","0","0","0","0","0","0","0","0","0","0","0","0","0","0","0","0","0","-"
"197","Adrian Kempe","L.A","L","1","1","0","0","0","0","0","-","0","-","0","0","0","0","0","0","0","0","0","0","0","0","0","0","0","0","0","0","0","2","0.00"
"198","Ivan Barbashev","STL","C","1","1.0833333333333","0","0","0","0","0","-","0","-","0","0","0","0","0","0","0","0","0","0","0","0","0","0","0","0","0","0","0","0","-"
"199","Brandon Montour","BUF","D","1","1.3","0","0","0","0","0","-","0","-","0","0","0","0","0","0","0","0","0","0","0","0","0","0","0","1","0","1","0","0","-"
"200","Warren Foegele","CAR","L","1","0.45","0","0","0","0","0","-","0","-","0","0","0","0","0","0","0","0","0","0","0","0","0","0","0","0","0","0","0","0","-"
"201","Michael Amadio","L.A","C","1","1.3833333333333","0","0","0","0","0","-","0","-","0","0","0","0","0","0","0","0","0","0","0","0","0","0","0","0","0","0","1","0","100.00"
"202","Lucas Wallmark","CAR","C","1","3.1166666666667","0","0","0","0","0","-","0","-","0","0","0","0","0","0","0","0","0","0","0","0","0","0","0","1","0","0","4","2","66.67"
"203","Viktor Arvidsson","NSH","L","1","1.6166666666667","0","0","0","0","0","-","0","-","0","0","0","0","0","0","0","0","0","0","0","0","0","0","0","0","0","0","0","0","-"
"204","Oskar Lindblom","PHI","L","1","0.98333333333333","0","0","0","0","0","-","1","0.00","0.04","1","1","0","0","0","0","0","0","0","0","0","0","0","0","0","0","0","0","0","-"
"205","Victor Olofsson","BUF","R","1","0.43333333333333","0","0","0","0","0","-","0","-","0","0","0","0","0","0","0","0","0","0","0","0","0","0","0","0","0","0","0","0","-"
"206","Frank Vatrano","FLA","C","1","2.2166666666667","0","0","0","0","0","-","0","-","0","1","0","1","0","0","0","0","0","0","0","0","0","0","0","0","0","2","0","0","-"
"207","Cole Bardreau","NYI","C","1","0.45","0","0","0","0","0","-","0","-","0","0","0","0","0","0","0","0","0","0","0","0","0","0","0","0","0","0","0","0","-"
"208","Noah Hanifin","CGY","D","1","1.95","0","0","0","0","0","-","0","-","0","0","0","0","0","0","0","0","0","0","0","0","0","0","0","1","0","0","0","0","-"
"209","Rasmus Andersson","CGY","D","1","0.78333333333333","0","0","0","0","0","-","0","-","0","0","0","0","0","0","0","0","0","0","0","0","0","0","0","0","0","0","0","0","-"
"210","Jonas Siegenthaler","WSH","D","1","4.5166666666667","0","0","0","0","0","-","0","-","0","0","0","0","0","0","0","0","0","0","0","0","0","0","0","1","0","3","0","0","-"
"211","Jack Eichel","BUF","C","1","0.43333333333333","0","0","0","0","0","-","0","-","0","0","0","0","0","0","0","0","0","0","0","0","0","0","0","0","0","0","0","1","0.00"
"212","Vince Dunn","STL","D","1","0.1","0","0","0","0","0","-","0","-","0","0","0","0","0","0","0","0","0","0","0","0","0","0","0","0","0","0","0","0","-"
"213","Jordan Greenway","MIN","L","1","1.6666666666667","0","0","0","0","0","-","0","-","0","0","0","0","0","0","0","0","0","0","0","0","0","0","0","0","0","0","1","0","100.00"
"214","Timo Meier","S.J","R","1","2.6","0","0","0","0","0","-","0","-","0","0","0","0","0","0","0","0","0","0","0","0","0","0","0","0","0","0","0","0","-"
"215","Erik Cernak","T.B","D","1","2.4166666666667","0","0","0","0","0","-","1","0.00","0.04","1","1","0","0","1","0","2","1","1","0","0","1","0","0","1","0","0","0","0","-"
"216","Sebastian Aho","CAR","R","1","1.75","0","0","0","0","0","-","1","0.00","0.07","1","1","1","0","0","0","0","0","0","0","0","1","0","0","0","0","0","0","1","0.00"
"217","Travis Konecny","PHI","C","1","0.083333333333333","0","0","0","0","0","-","0","-","0","0","0","0","0","0","0","0","0","0","0","0","0","0","0","0","0","0","0","1","0.00"
"218","Zach Werenski","CBJ","D","1","3.45","0","0","0","0","0","-","0","-","0","0","0","0","0","0","0","0","0","0","0","0","0","0","0","0","0","0","0","0","-"
"219","Nicolas Roy","VGK","C","1","0.55","0","0","0","0","0","-","0","-","0","0","0","0","0","0","0","0","0","0","0","0","0","0","0","0","0","0","0","0","-"
"220","Anthony Beauvillier","NYI","L","1","1.1333333333333","0","0","0","0","0","-","0","-","0","0","0","0","0","0","0","0","0","0","0","0","0","0","0","0","0","0","0","0","-"
"221","Thomas Chabot","OTT","D","1","0.61666666666667","0","0","0","0","0","-","0","-","0","0","0","0","0","0","0","0","0","0","0","0","0","0","0","0","0","0","0","0","-"
"222","Mathieu Joseph","T.B","R","1","0.4","0","0","0","0","0","-","0","-","0","0","0","0","0","0","0","0","0","0","0","0","0","0","0","0","0","0","0","0","-"
"223","Mitchell Marner","TOR","C","1","1.7333333333333","0","0","0","0","0","-","0","-","0","0","0","0","0","0","0","0","0","0","0","0","0","0","0","0","0","0","0","0","-"
"224","Joel Eriksson Ek","MIN","C","1","2.2166666666667","0","0","0","0","0","-","0","-","0","0","0","0","0","0","0","0","0","0","0","0","0","0","0","0","0","1","0","2","0.00"
"225","Ivan Provorov","PHI","D","1","1.15","0","0","0","0","0","-","0","-","0","0","0","0","0","0","0","0","0","0","0","0","0","0","0","0","0","0","0","0","-"
"226","John Marino","PIT","D","1","1.0166666666667","0","0","0","0","0","-","0","-","0","0","0","0","0","0","0","0","0","0","0","0","0","0","0","0","0","0","0","0","-"
"227","Anthony Cirelli","T.B","C","1","3","0","0","0","0","0","-","0","-","0","0","0","0","0","0","0","0","0","0","0","0","0","0","0","0","0","0","1","4","20.00"
"228","Evan Rodrigues","BUF","C","1","1.1833333333333","0","0","0","0","0","-","0","-","0","0","0","0","0","0","0","0","0","0","0","0","0","0","0","0","0","0","0","0","-"
"229","Derek Ryan","CGY","C","1","1.8666666666667","0","0","0","0","0","-","0","-","0","0","0","0","0","0","0","0","0","0","0","0","0","0","0","0","0","0","2","1","66.67"
"230","Denis Malgin","FLA","C","1","0.4","0","0","0","0","0","-","0","-","0","0","0","0","0","0","0","0","0","0","0","0","0","0","0","0","0","0","0","1","0.00"
"231","Vladislav Gavrikov","CBJ","D","1","3","0","0","0","0","0","-","0","-","0","0","0","0","0","0","0","0","0","0","0","0","0","0","0","0","0","1","0","0","-"
"232","Matt Roy","L.A","D","1","3.8","0","0","0","0","0","-","0","-","0","0","0","0","0","0","0","0","0","0","0","0","0","0","0","0","0","2","0","0","-"
"233","Philippe Myers","PHI","D","1","0.58333333333333","0","0","0","0","0","-","0","-","0","0","0","0","0","0","0","0","0","0","0","0","0","0","0","0","0","0","0","0","-"
"234","Brandon Tanev","PIT","L","1","0.9","0","0","0","0","0","-","0","-","0","0","0","0","0","0","0","2","1","1","0","0","0","0","0","0","0","0","0","0","-"
"235","Jakob Chychrun","ARI","D","1","1.0833333333333","0","0","0","0","0","-","0","-","0","0","0","0","0","0","0","0","0","0","0","0","0","0","0","0","0","0","0","0","-"
"236","Dante Fabbro","NSH","D","1","0.53333333333333","0","0","0","0","0","-","0","-","0","0","0","0","0","0","0","0","0","0","0","0","0","0","0","0","0","0","0","0","-"
"237","Nikita Zaitsev","OTT","D","1","2.6","0","0","0","0","0","-","0","-","0","0","0","0","0","0","0","0","0","0","0","0","0","0","0","0","0","0","0","0","-"
"238","Drake Caggiula","CHI","C","1","0.066666666666667","0","0","0","0","0","-","0","-","0","0","0","0","0","0","0","0","0","0","0","0","0","0","0","0","1","0","0","0","-"
"239","Michal Kempny","WSH","D","1","2.65","0","0","0","0","0","-","0","-","0","0","0","0","0","0","0","0","0","0","0","0","0","0","0","0","0","0","0","0","-"
"240","Trevor Moore","TOR","C","1","2.3833333333333","0","0","0","0","0","-","0","-","0","0","0","0","0","0","0","0","0","0","0","0","0","0","0","0","0","0","0","0","-"
"241","Zach Aston-Reese","PIT","C","1","1.8833333333333","0","0","0","0","0","-","0","-","0","0","0","0","0","0","0","0","0","0","0","0","0","0","0","0","0","0","0","0","-"
"242","Cale Fleury","MTL","D","1","2.05","0","0","0","0","0","-","0","-","0","0","0","0","0","0","0","0","0","0","0","0","0","0","0","0","0","0","0","0","-"
"243","Cody Glass","VGK","C","1","0.016666666666667","0","0","0","0","0","-","0","-","0","0","0","0","0","0","0","0","0","0","0","0","0","0","0","0","0","0","1","0","100.00"
"244","Henri Jokiharju","BUF","D","1","1.0833333333333","0","0","0","0","0","-","0","-","0","0","0","0","0","0","0","0","0","0","0","0","0","0","0","0","0","0","0","0","-"
"245","Alex Iafallo","L.A","L","1","2.5","0","0","0","0","0","-","0","-","0","0","0","0","0","0","0","0","0","0","0","0","0","0","0","0","0","0","0","0","-"
"246","David Kampf","CHI","C","1","2.3166666666667","0","0","0","0","0","-","0","-","0","0","0","0","0","0","0","0","0","0","0","0","0","0","0","1","0","0","1","0","100.00"
"247","Radim Simek","S.J","D","1","3.2833333333333","0","0","0","0","0","-","0","-","0","0","0","0","0","0","0","0","0","0","0","0","0","0","0","0","0","0","0","0","-"
"248","Jan Rutta","T.B","D","1","1.4333333333333","0","0","0","0","0","-","0","-","0","0","0","0","0","0","0","0","0","0","0","0","0","0","0","0","0","2","0","0","-"
"249","Sean Walker","L.A","D","1","2","0","0","0","0","0","-","0","-","0","0","0","0","0","0","0","0","0","0","0","0","0","0","0","0","0","0","0","0","-"
"250","Blake Lizotte","L.A","C","1","2.8666666666667","0","0","0","0","0","-","0","-","0","0","0","0","0","0","0","0","0","0","0","0","0","0","0","0","0","0","2","3","40.00"
"251","Ilya Mikheyev","TOR","R","1","2.0666666666667","0","0","0","0","0","-","1","0.00","0.17","1","1","1","1","0","0","0","0","0","0","0","0","0","0","0","0","0","0","0","-"